USE [FakeNewsDb]
GO

-- Clear current data
DELETE FROM [dbo].[Action]
TRUNCATE TABLE [dbo].[ActionActor]
TRUNCATE TABLE [dbo].[ActionLocation]
TRUNCATE TABLE [dbo].[ActionReason]
TRUNCATE TABLE [dbo].[ActionSource]
DELETE FROM [dbo].[Actor]
DELETE FROM [dbo].[Location]
DELETE FROM [dbo].[Reason]
DELETE FROM [dbo].[Source]
GO

-- Insert seeds

-- Actions
SET IDENTITY_INSERT [dbo].[Action] ON
INSERT [dbo].[Action] ([Id], [Description]) VALUES (1, 'has announced unconditional capitulation')
INSERT [dbo].[Action] ([Id], [Description]) VALUES (2, 'attacked another soverign state')
INSERT [dbo].[Action] ([Id], [Description]) VALUES (3, 'accused neighbouring country of possesion of wepon of mass destruction')
INSERT [dbo].[Action] ([Id], [Description]) VALUES (4, 'ordered to aim schools and hospitals')
INSERT [dbo].[Action] ([Id], [Description]) VALUES (5, 'announced that it''s people are free to join mercenary units and join the fight without consequences')
INSERT [dbo].[Action] ([Id], [Description]) VALUES (6, 'bring up strong evidence of genocide')
INSERT [dbo].[Action] ([Id], [Description]) VALUES (7, 'has announced the "self-cleansing of society"')
INSERT [dbo].[Action] ([Id], [Description]) VALUES (8, 'threaten the world with nuclear holocaust')
INSERT [dbo].[Action] ([Id], [Description]) VALUES (9, 'announced that their people have right to defend themselves')
INSERT [dbo].[Action] ([Id], [Description]) VALUES (10, 'introduced the martial law and announced mobilization of teenagers aged 14-18')
INSERT [dbo].[Action] ([Id], [Description]) VALUES (11, 'rejected the offer of teritorial cessasions')
INSERT [dbo].[Action] ([Id], [Description]) VALUES (12, 'has single-handedly killed 200 enemy soldiers and whole tank brigade')
INSERT [dbo].[Action] ([Id], [Description]) VALUES (13, 'imposed brutal economic sanctions that will drain your pocket dry')
INSERT [dbo].[Action] ([Id], [Description]) VALUES (14, 'reported that crime-rate has increased significantly and blames war refugees')
INSERT [dbo].[Action] ([Id], [Description]) VALUES (15, 'has rejected to open humanitarian corridors')
INSERT [dbo].[Action] ([Id], [Description]) VALUES (16, 'announced a peace-keeping mission in the baltic states')
INSERT [dbo].[Action] ([Id], [Description]) VALUES (17, 'has survived an cowardly assassination attempt')
INSERT [dbo].[Action] ([Id], [Description]) VALUES (18, 'has offered help only for people that are "enough white"')
INSERT [dbo].[Action] ([Id], [Description]) VALUES (19, 'warns about further hostalities and attrocities of the civil population')
INSERT [dbo].[Action] ([Id], [Description]) VALUES (20, 'rapes and kills everything on the way')
INSERT [dbo].[Action] ([Id], [Description]) VALUES (21, 'says that NATO/OTAN retreat to pre-1997 borders is acceptable')
SET IDENTITY_INSERT [dbo].[Action] OFF

-- Actors
SET IDENTITY_INSERT [dbo].[Actor] ON
INSERT INTO [dbo].[Actor] ([Id], [Name], [Description]) VALUES (1, 'Volodymyr Zelensky', 'President of Ukraine')
INSERT INTO [dbo].[Actor] ([Id], [Name], [Description]) VALUES (2, 'Wladimir Putin', 'President of Russian Federation')
INSERT INTO [dbo].[Actor] ([Id], [Name], [Description]) VALUES (3, 'Jaroslaw Kaczynski', 'Vice prime minister of Poland')
INSERT INTO [dbo].[Actor] ([Id], [Name], [Description]) VALUES (4, 'Joe Biden', 'President of the United States')
INSERT INTO [dbo].[Actor] ([Id], [Name], [Description]) VALUES (5, 'Andrzej Duda', 'President of Poland')
INSERT INTO [dbo].[Actor] ([Id], [Name], [Description]) VALUES (6, 'Alaksandr Łukaszenka', 'de facto President of Belarus')
INSERT INTO [dbo].[Actor] ([Id], [Name], [Description]) VALUES (7, 'Swiatłana Cichanouska', 'claimed President of Belarus')
INSERT INTO [dbo].[Actor] ([Id], [Name], [Description]) VALUES (8, 'Ramzan Kadyrov', 'Prime Minister of Chechnya')
INSERT INTO [dbo].[Actor] ([Id], [Name], [Description]) VALUES (9, 'Ghost of Kiev', 'Airborne flying ace of Ukraine')
INSERT INTO [dbo].[Actor] ([Id], [Name], [Description]) VALUES (10, 'Garrison of Snake Island', '')
INSERT INTO [dbo].[Actor] ([Id], [Name], [Description]) VALUES (11, 'Olaf Scholz', 'Chancelor of Germany')
INSERT INTO [dbo].[Actor] ([Id], [Name], [Description]) VALUES (12, 'Emmanuel Macron', 'President of France')
INSERT INTO [dbo].[Actor] ([Id], [Name], [Description]) VALUES (13, 'Boris Johnson', 'Prime Minister of United Kingdom')
INSERT INTO [dbo].[Actor] ([Id], [Name], [Description]) VALUES (14, 'Vitali Klitschko', 'Mayor of Kiev')
INSERT INTO [dbo].[Actor] ([Id], [Name], [Description]) VALUES (15, 'Xi Jinping', 'General Secretary of Chinese Communist Party')
SET IDENTITY_INSERT [dbo].[Actor] OFF

-- ActionActors
INSERT INTO [dbo].[ActionActor] ([ActorsId], [ActionsId]) VALUES (1, 1)
INSERT INTO [dbo].[ActionActor] ([ActorsId], [ActionsId]) VALUES (1, 2)
INSERT INTO [dbo].[ActionActor] ([ActorsId], [ActionsId]) VALUES (1, 3)
INSERT INTO [dbo].[ActionActor] ([ActorsId], [ActionsId]) VALUES (1, 4)
INSERT INTO [dbo].[ActionActor] ([ActorsId], [ActionsId]) VALUES (1, 5)
INSERT INTO [dbo].[ActionActor] ([ActorsId], [ActionsId]) VALUES (1, 6)
INSERT INTO [dbo].[ActionActor] ([ActorsId], [ActionsId]) VALUES (1, 7)
INSERT INTO [dbo].[ActionActor] ([ActorsId], [ActionsId]) VALUES (1, 8)
INSERT INTO [dbo].[ActionActor] ([ActorsId], [ActionsId]) VALUES (1, 9)
INSERT INTO [dbo].[ActionActor] ([ActorsId], [ActionsId]) VALUES (1, 10)
INSERT INTO [dbo].[ActionActor] ([ActorsId], [ActionsId]) VALUES (1, 11)
INSERT INTO [dbo].[ActionActor] ([ActorsId], [ActionsId]) VALUES (1, 12)
INSERT INTO [dbo].[ActionActor] ([ActorsId], [ActionsId]) VALUES (1, 13)
INSERT INTO [dbo].[ActionActor] ([ActorsId], [ActionsId]) VALUES (1, 14)
INSERT INTO [dbo].[ActionActor] ([ActorsId], [ActionsId]) VALUES (1, 15)
INSERT INTO [dbo].[ActionActor] ([ActorsId], [ActionsId]) VALUES (1, 16)
INSERT INTO [dbo].[ActionActor] ([ActorsId], [ActionsId]) VALUES (1, 17)
INSERT INTO [dbo].[ActionActor] ([ActorsId], [ActionsId]) VALUES (1, 18)
INSERT INTO [dbo].[ActionActor] ([ActorsId], [ActionsId]) VALUES (1, 19)
INSERT INTO [dbo].[ActionActor] ([ActorsId], [ActionsId]) VALUES (1, 20)
INSERT INTO [dbo].[ActionActor] ([ActorsId], [ActionsId]) VALUES (1, 21)

INSERT INTO [dbo].[ActionActor] ([ActorsId], [ActionsId]) VALUES (2, 1)
INSERT INTO [dbo].[ActionActor] ([ActorsId], [ActionsId]) VALUES (2, 2)
INSERT INTO [dbo].[ActionActor] ([ActorsId], [ActionsId]) VALUES (2, 3)
INSERT INTO [dbo].[ActionActor] ([ActorsId], [ActionsId]) VALUES (2, 4)
INSERT INTO [dbo].[ActionActor] ([ActorsId], [ActionsId]) VALUES (2, 5)
INSERT INTO [dbo].[ActionActor] ([ActorsId], [ActionsId]) VALUES (2, 6)
INSERT INTO [dbo].[ActionActor] ([ActorsId], [ActionsId]) VALUES (2, 7)
INSERT INTO [dbo].[ActionActor] ([ActorsId], [ActionsId]) VALUES (2, 8)
INSERT INTO [dbo].[ActionActor] ([ActorsId], [ActionsId]) VALUES (2, 9)
INSERT INTO [dbo].[ActionActor] ([ActorsId], [ActionsId]) VALUES (2, 10)
INSERT INTO [dbo].[ActionActor] ([ActorsId], [ActionsId]) VALUES (2, 11)
INSERT INTO [dbo].[ActionActor] ([ActorsId], [ActionsId]) VALUES (2, 12)
INSERT INTO [dbo].[ActionActor] ([ActorsId], [ActionsId]) VALUES (2, 13)
INSERT INTO [dbo].[ActionActor] ([ActorsId], [ActionsId]) VALUES (2, 14)
INSERT INTO [dbo].[ActionActor] ([ActorsId], [ActionsId]) VALUES (2, 15)
INSERT INTO [dbo].[ActionActor] ([ActorsId], [ActionsId]) VALUES (2, 16)
INSERT INTO [dbo].[ActionActor] ([ActorsId], [ActionsId]) VALUES (2, 17)
INSERT INTO [dbo].[ActionActor] ([ActorsId], [ActionsId]) VALUES (2, 18)
INSERT INTO [dbo].[ActionActor] ([ActorsId], [ActionsId]) VALUES (2, 19)
INSERT INTO [dbo].[ActionActor] ([ActorsId], [ActionsId]) VALUES (2, 20)
INSERT INTO [dbo].[ActionActor] ([ActorsId], [ActionsId]) VALUES (2, 21)

INSERT INTO [dbo].[ActionActor] ([ActorsId], [ActionsId]) VALUES (3, 1)
INSERT INTO [dbo].[ActionActor] ([ActorsId], [ActionsId]) VALUES (3, 2)
INSERT INTO [dbo].[ActionActor] ([ActorsId], [ActionsId]) VALUES (3, 3)
INSERT INTO [dbo].[ActionActor] ([ActorsId], [ActionsId]) VALUES (3, 4)
INSERT INTO [dbo].[ActionActor] ([ActorsId], [ActionsId]) VALUES (3, 5)
INSERT INTO [dbo].[ActionActor] ([ActorsId], [ActionsId]) VALUES (3, 6)
INSERT INTO [dbo].[ActionActor] ([ActorsId], [ActionsId]) VALUES (3, 7)
INSERT INTO [dbo].[ActionActor] ([ActorsId], [ActionsId]) VALUES (3, 8)
INSERT INTO [dbo].[ActionActor] ([ActorsId], [ActionsId]) VALUES (3, 9)
INSERT INTO [dbo].[ActionActor] ([ActorsId], [ActionsId]) VALUES (3, 10)
INSERT INTO [dbo].[ActionActor] ([ActorsId], [ActionsId]) VALUES (3, 11)
INSERT INTO [dbo].[ActionActor] ([ActorsId], [ActionsId]) VALUES (3, 12)
INSERT INTO [dbo].[ActionActor] ([ActorsId], [ActionsId]) VALUES (3, 13)
INSERT INTO [dbo].[ActionActor] ([ActorsId], [ActionsId]) VALUES (3, 14)
INSERT INTO [dbo].[ActionActor] ([ActorsId], [ActionsId]) VALUES (3, 15)
INSERT INTO [dbo].[ActionActor] ([ActorsId], [ActionsId]) VALUES (3, 16)
INSERT INTO [dbo].[ActionActor] ([ActorsId], [ActionsId]) VALUES (3, 17)
INSERT INTO [dbo].[ActionActor] ([ActorsId], [ActionsId]) VALUES (3, 18)
INSERT INTO [dbo].[ActionActor] ([ActorsId], [ActionsId]) VALUES (3, 19)
INSERT INTO [dbo].[ActionActor] ([ActorsId], [ActionsId]) VALUES (3, 20)
INSERT INTO [dbo].[ActionActor] ([ActorsId], [ActionsId]) VALUES (3, 21)

INSERT INTO [dbo].[ActionActor] ([ActorsId], [ActionsId]) VALUES (4, 1)
INSERT INTO [dbo].[ActionActor] ([ActorsId], [ActionsId]) VALUES (4, 2)
INSERT INTO [dbo].[ActionActor] ([ActorsId], [ActionsId]) VALUES (4, 3)
INSERT INTO [dbo].[ActionActor] ([ActorsId], [ActionsId]) VALUES (4, 4)
INSERT INTO [dbo].[ActionActor] ([ActorsId], [ActionsId]) VALUES (4, 5)
INSERT INTO [dbo].[ActionActor] ([ActorsId], [ActionsId]) VALUES (4, 6)
INSERT INTO [dbo].[ActionActor] ([ActorsId], [ActionsId]) VALUES (4, 7)
INSERT INTO [dbo].[ActionActor] ([ActorsId], [ActionsId]) VALUES (4, 8)
INSERT INTO [dbo].[ActionActor] ([ActorsId], [ActionsId]) VALUES (4, 9)
INSERT INTO [dbo].[ActionActor] ([ActorsId], [ActionsId]) VALUES (4, 10)
INSERT INTO [dbo].[ActionActor] ([ActorsId], [ActionsId]) VALUES (4, 11)
INSERT INTO [dbo].[ActionActor] ([ActorsId], [ActionsId]) VALUES (4, 12)
INSERT INTO [dbo].[ActionActor] ([ActorsId], [ActionsId]) VALUES (4, 13)
INSERT INTO [dbo].[ActionActor] ([ActorsId], [ActionsId]) VALUES (4, 14)
INSERT INTO [dbo].[ActionActor] ([ActorsId], [ActionsId]) VALUES (4, 15)
INSERT INTO [dbo].[ActionActor] ([ActorsId], [ActionsId]) VALUES (4, 16)
INSERT INTO [dbo].[ActionActor] ([ActorsId], [ActionsId]) VALUES (4, 17)
INSERT INTO [dbo].[ActionActor] ([ActorsId], [ActionsId]) VALUES (4, 18)
INSERT INTO [dbo].[ActionActor] ([ActorsId], [ActionsId]) VALUES (4, 19)
INSERT INTO [dbo].[ActionActor] ([ActorsId], [ActionsId]) VALUES (4, 20)
INSERT INTO [dbo].[ActionActor] ([ActorsId], [ActionsId]) VALUES (4, 21)

INSERT INTO [dbo].[ActionActor] ([ActorsId], [ActionsId]) VALUES (5, 1)
INSERT INTO [dbo].[ActionActor] ([ActorsId], [ActionsId]) VALUES (5, 2)
INSERT INTO [dbo].[ActionActor] ([ActorsId], [ActionsId]) VALUES (5, 3)
INSERT INTO [dbo].[ActionActor] ([ActorsId], [ActionsId]) VALUES (5, 4)
INSERT INTO [dbo].[ActionActor] ([ActorsId], [ActionsId]) VALUES (5, 5)
INSERT INTO [dbo].[ActionActor] ([ActorsId], [ActionsId]) VALUES (5, 6)
INSERT INTO [dbo].[ActionActor] ([ActorsId], [ActionsId]) VALUES (5, 7)
INSERT INTO [dbo].[ActionActor] ([ActorsId], [ActionsId]) VALUES (5, 8)
INSERT INTO [dbo].[ActionActor] ([ActorsId], [ActionsId]) VALUES (5, 9)
INSERT INTO [dbo].[ActionActor] ([ActorsId], [ActionsId]) VALUES (5, 10)
INSERT INTO [dbo].[ActionActor] ([ActorsId], [ActionsId]) VALUES (5, 11)
INSERT INTO [dbo].[ActionActor] ([ActorsId], [ActionsId]) VALUES (5, 12)
INSERT INTO [dbo].[ActionActor] ([ActorsId], [ActionsId]) VALUES (5, 13)
INSERT INTO [dbo].[ActionActor] ([ActorsId], [ActionsId]) VALUES (5, 14)
INSERT INTO [dbo].[ActionActor] ([ActorsId], [ActionsId]) VALUES (5, 15)
INSERT INTO [dbo].[ActionActor] ([ActorsId], [ActionsId]) VALUES (5, 16)
INSERT INTO [dbo].[ActionActor] ([ActorsId], [ActionsId]) VALUES (5, 17)
INSERT INTO [dbo].[ActionActor] ([ActorsId], [ActionsId]) VALUES (5, 18)
INSERT INTO [dbo].[ActionActor] ([ActorsId], [ActionsId]) VALUES (5, 19)
INSERT INTO [dbo].[ActionActor] ([ActorsId], [ActionsId]) VALUES (5, 20)
INSERT INTO [dbo].[ActionActor] ([ActorsId], [ActionsId]) VALUES (5, 21)

INSERT INTO [dbo].[ActionActor] ([ActorsId], [ActionsId]) VALUES (6, 1)
INSERT INTO [dbo].[ActionActor] ([ActorsId], [ActionsId]) VALUES (6, 2)
INSERT INTO [dbo].[ActionActor] ([ActorsId], [ActionsId]) VALUES (6, 3)
INSERT INTO [dbo].[ActionActor] ([ActorsId], [ActionsId]) VALUES (6, 4)
INSERT INTO [dbo].[ActionActor] ([ActorsId], [ActionsId]) VALUES (6, 5)
INSERT INTO [dbo].[ActionActor] ([ActorsId], [ActionsId]) VALUES (6, 6)
INSERT INTO [dbo].[ActionActor] ([ActorsId], [ActionsId]) VALUES (6, 7)
INSERT INTO [dbo].[ActionActor] ([ActorsId], [ActionsId]) VALUES (6, 8)
INSERT INTO [dbo].[ActionActor] ([ActorsId], [ActionsId]) VALUES (6, 9)
INSERT INTO [dbo].[ActionActor] ([ActorsId], [ActionsId]) VALUES (6, 10)
INSERT INTO [dbo].[ActionActor] ([ActorsId], [ActionsId]) VALUES (6, 11)
INSERT INTO [dbo].[ActionActor] ([ActorsId], [ActionsId]) VALUES (6, 12)
INSERT INTO [dbo].[ActionActor] ([ActorsId], [ActionsId]) VALUES (6, 13)
INSERT INTO [dbo].[ActionActor] ([ActorsId], [ActionsId]) VALUES (6, 14)
INSERT INTO [dbo].[ActionActor] ([ActorsId], [ActionsId]) VALUES (6, 15)
INSERT INTO [dbo].[ActionActor] ([ActorsId], [ActionsId]) VALUES (6, 16)
INSERT INTO [dbo].[ActionActor] ([ActorsId], [ActionsId]) VALUES (6, 17)
INSERT INTO [dbo].[ActionActor] ([ActorsId], [ActionsId]) VALUES (6, 18)
INSERT INTO [dbo].[ActionActor] ([ActorsId], [ActionsId]) VALUES (6, 19)
INSERT INTO [dbo].[ActionActor] ([ActorsId], [ActionsId]) VALUES (6, 20)
INSERT INTO [dbo].[ActionActor] ([ActorsId], [ActionsId]) VALUES (6, 21)

INSERT INTO [dbo].[ActionActor] ([ActorsId], [ActionsId]) VALUES (7, 1)
INSERT INTO [dbo].[ActionActor] ([ActorsId], [ActionsId]) VALUES (7, 2)
INSERT INTO [dbo].[ActionActor] ([ActorsId], [ActionsId]) VALUES (7, 3)
INSERT INTO [dbo].[ActionActor] ([ActorsId], [ActionsId]) VALUES (7, 4)
INSERT INTO [dbo].[ActionActor] ([ActorsId], [ActionsId]) VALUES (7, 5)
INSERT INTO [dbo].[ActionActor] ([ActorsId], [ActionsId]) VALUES (7, 6)
INSERT INTO [dbo].[ActionActor] ([ActorsId], [ActionsId]) VALUES (7, 7)
INSERT INTO [dbo].[ActionActor] ([ActorsId], [ActionsId]) VALUES (7, 8)
INSERT INTO [dbo].[ActionActor] ([ActorsId], [ActionsId]) VALUES (7, 9)
INSERT INTO [dbo].[ActionActor] ([ActorsId], [ActionsId]) VALUES (7, 10)
INSERT INTO [dbo].[ActionActor] ([ActorsId], [ActionsId]) VALUES (7, 11)
INSERT INTO [dbo].[ActionActor] ([ActorsId], [ActionsId]) VALUES (7, 12)
INSERT INTO [dbo].[ActionActor] ([ActorsId], [ActionsId]) VALUES (7, 13)
INSERT INTO [dbo].[ActionActor] ([ActorsId], [ActionsId]) VALUES (7, 14)
INSERT INTO [dbo].[ActionActor] ([ActorsId], [ActionsId]) VALUES (7, 15)
INSERT INTO [dbo].[ActionActor] ([ActorsId], [ActionsId]) VALUES (7, 16)
INSERT INTO [dbo].[ActionActor] ([ActorsId], [ActionsId]) VALUES (7, 17)
INSERT INTO [dbo].[ActionActor] ([ActorsId], [ActionsId]) VALUES (7, 18)
INSERT INTO [dbo].[ActionActor] ([ActorsId], [ActionsId]) VALUES (7, 19)
INSERT INTO [dbo].[ActionActor] ([ActorsId], [ActionsId]) VALUES (7, 20)
INSERT INTO [dbo].[ActionActor] ([ActorsId], [ActionsId]) VALUES (7, 21)

INSERT INTO [dbo].[ActionActor] ([ActorsId], [ActionsId]) VALUES (8, 1)
INSERT INTO [dbo].[ActionActor] ([ActorsId], [ActionsId]) VALUES (8, 2)
INSERT INTO [dbo].[ActionActor] ([ActorsId], [ActionsId]) VALUES (8, 3)
INSERT INTO [dbo].[ActionActor] ([ActorsId], [ActionsId]) VALUES (8, 4)
INSERT INTO [dbo].[ActionActor] ([ActorsId], [ActionsId]) VALUES (8, 5)
INSERT INTO [dbo].[ActionActor] ([ActorsId], [ActionsId]) VALUES (8, 6)
INSERT INTO [dbo].[ActionActor] ([ActorsId], [ActionsId]) VALUES (8, 7)
INSERT INTO [dbo].[ActionActor] ([ActorsId], [ActionsId]) VALUES (8, 8)
INSERT INTO [dbo].[ActionActor] ([ActorsId], [ActionsId]) VALUES (8, 9)
INSERT INTO [dbo].[ActionActor] ([ActorsId], [ActionsId]) VALUES (8, 10)
INSERT INTO [dbo].[ActionActor] ([ActorsId], [ActionsId]) VALUES (8, 11)
INSERT INTO [dbo].[ActionActor] ([ActorsId], [ActionsId]) VALUES (8, 12)
INSERT INTO [dbo].[ActionActor] ([ActorsId], [ActionsId]) VALUES (8, 13)
INSERT INTO [dbo].[ActionActor] ([ActorsId], [ActionsId]) VALUES (8, 14)
INSERT INTO [dbo].[ActionActor] ([ActorsId], [ActionsId]) VALUES (8, 15)
INSERT INTO [dbo].[ActionActor] ([ActorsId], [ActionsId]) VALUES (8, 16)
INSERT INTO [dbo].[ActionActor] ([ActorsId], [ActionsId]) VALUES (8, 17)
INSERT INTO [dbo].[ActionActor] ([ActorsId], [ActionsId]) VALUES (8, 18)
INSERT INTO [dbo].[ActionActor] ([ActorsId], [ActionsId]) VALUES (8, 19)
INSERT INTO [dbo].[ActionActor] ([ActorsId], [ActionsId]) VALUES (8, 20)
INSERT INTO [dbo].[ActionActor] ([ActorsId], [ActionsId]) VALUES (8, 21)

INSERT INTO [dbo].[ActionActor] ([ActorsId], [ActionsId]) VALUES (9, 1)
INSERT INTO [dbo].[ActionActor] ([ActorsId], [ActionsId]) VALUES (9, 2)
INSERT INTO [dbo].[ActionActor] ([ActorsId], [ActionsId]) VALUES (9, 3)
INSERT INTO [dbo].[ActionActor] ([ActorsId], [ActionsId]) VALUES (9, 4)
INSERT INTO [dbo].[ActionActor] ([ActorsId], [ActionsId]) VALUES (9, 5)
INSERT INTO [dbo].[ActionActor] ([ActorsId], [ActionsId]) VALUES (9, 6)
INSERT INTO [dbo].[ActionActor] ([ActorsId], [ActionsId]) VALUES (9, 7)
INSERT INTO [dbo].[ActionActor] ([ActorsId], [ActionsId]) VALUES (9, 8)
INSERT INTO [dbo].[ActionActor] ([ActorsId], [ActionsId]) VALUES (9, 9)
INSERT INTO [dbo].[ActionActor] ([ActorsId], [ActionsId]) VALUES (9, 10)
INSERT INTO [dbo].[ActionActor] ([ActorsId], [ActionsId]) VALUES (9, 11)
INSERT INTO [dbo].[ActionActor] ([ActorsId], [ActionsId]) VALUES (9, 12)
INSERT INTO [dbo].[ActionActor] ([ActorsId], [ActionsId]) VALUES (9, 13)
INSERT INTO [dbo].[ActionActor] ([ActorsId], [ActionsId]) VALUES (9, 14)
INSERT INTO [dbo].[ActionActor] ([ActorsId], [ActionsId]) VALUES (9, 15)
INSERT INTO [dbo].[ActionActor] ([ActorsId], [ActionsId]) VALUES (9, 16)
INSERT INTO [dbo].[ActionActor] ([ActorsId], [ActionsId]) VALUES (9, 17)
INSERT INTO [dbo].[ActionActor] ([ActorsId], [ActionsId]) VALUES (9, 18)
INSERT INTO [dbo].[ActionActor] ([ActorsId], [ActionsId]) VALUES (9, 19)
INSERT INTO [dbo].[ActionActor] ([ActorsId], [ActionsId]) VALUES (9, 20)
INSERT INTO [dbo].[ActionActor] ([ActorsId], [ActionsId]) VALUES (9, 21)

INSERT INTO [dbo].[ActionActor] ([ActorsId], [ActionsId]) VALUES (10, 1)
INSERT INTO [dbo].[ActionActor] ([ActorsId], [ActionsId]) VALUES (10, 2)
INSERT INTO [dbo].[ActionActor] ([ActorsId], [ActionsId]) VALUES (10, 3)
INSERT INTO [dbo].[ActionActor] ([ActorsId], [ActionsId]) VALUES (10, 4)
INSERT INTO [dbo].[ActionActor] ([ActorsId], [ActionsId]) VALUES (10, 5)
INSERT INTO [dbo].[ActionActor] ([ActorsId], [ActionsId]) VALUES (10, 6)
INSERT INTO [dbo].[ActionActor] ([ActorsId], [ActionsId]) VALUES (10, 7)
INSERT INTO [dbo].[ActionActor] ([ActorsId], [ActionsId]) VALUES (10, 8)
INSERT INTO [dbo].[ActionActor] ([ActorsId], [ActionsId]) VALUES (10, 9)
INSERT INTO [dbo].[ActionActor] ([ActorsId], [ActionsId]) VALUES (10, 10)
INSERT INTO [dbo].[ActionActor] ([ActorsId], [ActionsId]) VALUES (10, 11)
INSERT INTO [dbo].[ActionActor] ([ActorsId], [ActionsId]) VALUES (10, 12)
INSERT INTO [dbo].[ActionActor] ([ActorsId], [ActionsId]) VALUES (10, 13)
INSERT INTO [dbo].[ActionActor] ([ActorsId], [ActionsId]) VALUES (10, 14)
INSERT INTO [dbo].[ActionActor] ([ActorsId], [ActionsId]) VALUES (10, 15)
INSERT INTO [dbo].[ActionActor] ([ActorsId], [ActionsId]) VALUES (10, 16)
INSERT INTO [dbo].[ActionActor] ([ActorsId], [ActionsId]) VALUES (10, 17)
INSERT INTO [dbo].[ActionActor] ([ActorsId], [ActionsId]) VALUES (10, 18)
INSERT INTO [dbo].[ActionActor] ([ActorsId], [ActionsId]) VALUES (10, 19)
INSERT INTO [dbo].[ActionActor] ([ActorsId], [ActionsId]) VALUES (10, 20)
INSERT INTO [dbo].[ActionActor] ([ActorsId], [ActionsId]) VALUES (10, 21)

INSERT INTO [dbo].[ActionActor] ([ActorsId], [ActionsId]) VALUES (11, 1)
INSERT INTO [dbo].[ActionActor] ([ActorsId], [ActionsId]) VALUES (11, 2)
INSERT INTO [dbo].[ActionActor] ([ActorsId], [ActionsId]) VALUES (11, 3)
INSERT INTO [dbo].[ActionActor] ([ActorsId], [ActionsId]) VALUES (11, 4)
INSERT INTO [dbo].[ActionActor] ([ActorsId], [ActionsId]) VALUES (11, 5)
INSERT INTO [dbo].[ActionActor] ([ActorsId], [ActionsId]) VALUES (11, 6)
INSERT INTO [dbo].[ActionActor] ([ActorsId], [ActionsId]) VALUES (11, 7)
INSERT INTO [dbo].[ActionActor] ([ActorsId], [ActionsId]) VALUES (11, 8)
INSERT INTO [dbo].[ActionActor] ([ActorsId], [ActionsId]) VALUES (11, 9)
INSERT INTO [dbo].[ActionActor] ([ActorsId], [ActionsId]) VALUES (11, 10)
INSERT INTO [dbo].[ActionActor] ([ActorsId], [ActionsId]) VALUES (11, 11)
INSERT INTO [dbo].[ActionActor] ([ActorsId], [ActionsId]) VALUES (11, 12)
INSERT INTO [dbo].[ActionActor] ([ActorsId], [ActionsId]) VALUES (11, 13)
INSERT INTO [dbo].[ActionActor] ([ActorsId], [ActionsId]) VALUES (11, 14)
INSERT INTO [dbo].[ActionActor] ([ActorsId], [ActionsId]) VALUES (11, 15)
INSERT INTO [dbo].[ActionActor] ([ActorsId], [ActionsId]) VALUES (11, 16)
INSERT INTO [dbo].[ActionActor] ([ActorsId], [ActionsId]) VALUES (11, 17)
INSERT INTO [dbo].[ActionActor] ([ActorsId], [ActionsId]) VALUES (11, 18)
INSERT INTO [dbo].[ActionActor] ([ActorsId], [ActionsId]) VALUES (11, 19)
INSERT INTO [dbo].[ActionActor] ([ActorsId], [ActionsId]) VALUES (11, 20)
INSERT INTO [dbo].[ActionActor] ([ActorsId], [ActionsId]) VALUES (11, 21)

INSERT INTO [dbo].[ActionActor] ([ActorsId], [ActionsId]) VALUES (12, 1)
INSERT INTO [dbo].[ActionActor] ([ActorsId], [ActionsId]) VALUES (12, 2)
INSERT INTO [dbo].[ActionActor] ([ActorsId], [ActionsId]) VALUES (12, 3)
INSERT INTO [dbo].[ActionActor] ([ActorsId], [ActionsId]) VALUES (12, 4)
INSERT INTO [dbo].[ActionActor] ([ActorsId], [ActionsId]) VALUES (12, 5)
INSERT INTO [dbo].[ActionActor] ([ActorsId], [ActionsId]) VALUES (12, 6)
INSERT INTO [dbo].[ActionActor] ([ActorsId], [ActionsId]) VALUES (12, 7)
INSERT INTO [dbo].[ActionActor] ([ActorsId], [ActionsId]) VALUES (12, 8)
INSERT INTO [dbo].[ActionActor] ([ActorsId], [ActionsId]) VALUES (12, 9)
INSERT INTO [dbo].[ActionActor] ([ActorsId], [ActionsId]) VALUES (12, 10)
INSERT INTO [dbo].[ActionActor] ([ActorsId], [ActionsId]) VALUES (12, 11)
INSERT INTO [dbo].[ActionActor] ([ActorsId], [ActionsId]) VALUES (12, 12)
INSERT INTO [dbo].[ActionActor] ([ActorsId], [ActionsId]) VALUES (12, 13)
INSERT INTO [dbo].[ActionActor] ([ActorsId], [ActionsId]) VALUES (12, 14)
INSERT INTO [dbo].[ActionActor] ([ActorsId], [ActionsId]) VALUES (12, 15)
INSERT INTO [dbo].[ActionActor] ([ActorsId], [ActionsId]) VALUES (12, 16)
INSERT INTO [dbo].[ActionActor] ([ActorsId], [ActionsId]) VALUES (12, 17)
INSERT INTO [dbo].[ActionActor] ([ActorsId], [ActionsId]) VALUES (12, 18)
INSERT INTO [dbo].[ActionActor] ([ActorsId], [ActionsId]) VALUES (12, 19)
INSERT INTO [dbo].[ActionActor] ([ActorsId], [ActionsId]) VALUES (12, 20)
INSERT INTO [dbo].[ActionActor] ([ActorsId], [ActionsId]) VALUES (12, 21)

INSERT INTO [dbo].[ActionActor] ([ActorsId], [ActionsId]) VALUES (13, 1)
INSERT INTO [dbo].[ActionActor] ([ActorsId], [ActionsId]) VALUES (13, 2)
INSERT INTO [dbo].[ActionActor] ([ActorsId], [ActionsId]) VALUES (13, 3)
INSERT INTO [dbo].[ActionActor] ([ActorsId], [ActionsId]) VALUES (13, 4)
INSERT INTO [dbo].[ActionActor] ([ActorsId], [ActionsId]) VALUES (13, 5)
INSERT INTO [dbo].[ActionActor] ([ActorsId], [ActionsId]) VALUES (13, 6)
INSERT INTO [dbo].[ActionActor] ([ActorsId], [ActionsId]) VALUES (13, 7)
INSERT INTO [dbo].[ActionActor] ([ActorsId], [ActionsId]) VALUES (13, 8)
INSERT INTO [dbo].[ActionActor] ([ActorsId], [ActionsId]) VALUES (13, 9)
INSERT INTO [dbo].[ActionActor] ([ActorsId], [ActionsId]) VALUES (13, 10)
INSERT INTO [dbo].[ActionActor] ([ActorsId], [ActionsId]) VALUES (13, 11)
INSERT INTO [dbo].[ActionActor] ([ActorsId], [ActionsId]) VALUES (13, 12)
INSERT INTO [dbo].[ActionActor] ([ActorsId], [ActionsId]) VALUES (13, 13)
INSERT INTO [dbo].[ActionActor] ([ActorsId], [ActionsId]) VALUES (13, 14)
INSERT INTO [dbo].[ActionActor] ([ActorsId], [ActionsId]) VALUES (13, 15)
INSERT INTO [dbo].[ActionActor] ([ActorsId], [ActionsId]) VALUES (13, 16)
INSERT INTO [dbo].[ActionActor] ([ActorsId], [ActionsId]) VALUES (13, 17)
INSERT INTO [dbo].[ActionActor] ([ActorsId], [ActionsId]) VALUES (13, 18)
INSERT INTO [dbo].[ActionActor] ([ActorsId], [ActionsId]) VALUES (13, 19)
INSERT INTO [dbo].[ActionActor] ([ActorsId], [ActionsId]) VALUES (13, 20)
INSERT INTO [dbo].[ActionActor] ([ActorsId], [ActionsId]) VALUES (13, 21)

INSERT INTO [dbo].[ActionActor] ([ActorsId], [ActionsId]) VALUES (14, 1)
INSERT INTO [dbo].[ActionActor] ([ActorsId], [ActionsId]) VALUES (14, 2)
INSERT INTO [dbo].[ActionActor] ([ActorsId], [ActionsId]) VALUES (14, 3)
INSERT INTO [dbo].[ActionActor] ([ActorsId], [ActionsId]) VALUES (14, 4)
INSERT INTO [dbo].[ActionActor] ([ActorsId], [ActionsId]) VALUES (14, 5)
INSERT INTO [dbo].[ActionActor] ([ActorsId], [ActionsId]) VALUES (14, 6)
INSERT INTO [dbo].[ActionActor] ([ActorsId], [ActionsId]) VALUES (14, 7)
INSERT INTO [dbo].[ActionActor] ([ActorsId], [ActionsId]) VALUES (14, 8)
INSERT INTO [dbo].[ActionActor] ([ActorsId], [ActionsId]) VALUES (14, 9)
INSERT INTO [dbo].[ActionActor] ([ActorsId], [ActionsId]) VALUES (14, 10)
INSERT INTO [dbo].[ActionActor] ([ActorsId], [ActionsId]) VALUES (14, 11)
INSERT INTO [dbo].[ActionActor] ([ActorsId], [ActionsId]) VALUES (14, 12)
INSERT INTO [dbo].[ActionActor] ([ActorsId], [ActionsId]) VALUES (14, 13)
INSERT INTO [dbo].[ActionActor] ([ActorsId], [ActionsId]) VALUES (14, 14)
INSERT INTO [dbo].[ActionActor] ([ActorsId], [ActionsId]) VALUES (14, 15)
INSERT INTO [dbo].[ActionActor] ([ActorsId], [ActionsId]) VALUES (14, 16)
INSERT INTO [dbo].[ActionActor] ([ActorsId], [ActionsId]) VALUES (14, 17)
INSERT INTO [dbo].[ActionActor] ([ActorsId], [ActionsId]) VALUES (14, 18)
INSERT INTO [dbo].[ActionActor] ([ActorsId], [ActionsId]) VALUES (14, 19)
INSERT INTO [dbo].[ActionActor] ([ActorsId], [ActionsId]) VALUES (14, 20)
INSERT INTO [dbo].[ActionActor] ([ActorsId], [ActionsId]) VALUES (14, 21)

INSERT INTO [dbo].[ActionActor] ([ActorsId], [ActionsId]) VALUES (15, 1)
INSERT INTO [dbo].[ActionActor] ([ActorsId], [ActionsId]) VALUES (15, 2)
INSERT INTO [dbo].[ActionActor] ([ActorsId], [ActionsId]) VALUES (15, 3)
INSERT INTO [dbo].[ActionActor] ([ActorsId], [ActionsId]) VALUES (15, 4)
INSERT INTO [dbo].[ActionActor] ([ActorsId], [ActionsId]) VALUES (15, 5)
INSERT INTO [dbo].[ActionActor] ([ActorsId], [ActionsId]) VALUES (15, 6)
INSERT INTO [dbo].[ActionActor] ([ActorsId], [ActionsId]) VALUES (15, 7)
INSERT INTO [dbo].[ActionActor] ([ActorsId], [ActionsId]) VALUES (15, 8)
INSERT INTO [dbo].[ActionActor] ([ActorsId], [ActionsId]) VALUES (15, 9)
INSERT INTO [dbo].[ActionActor] ([ActorsId], [ActionsId]) VALUES (15, 10)
INSERT INTO [dbo].[ActionActor] ([ActorsId], [ActionsId]) VALUES (15, 11)
INSERT INTO [dbo].[ActionActor] ([ActorsId], [ActionsId]) VALUES (15, 12)
INSERT INTO [dbo].[ActionActor] ([ActorsId], [ActionsId]) VALUES (15, 13)
INSERT INTO [dbo].[ActionActor] ([ActorsId], [ActionsId]) VALUES (15, 14)
INSERT INTO [dbo].[ActionActor] ([ActorsId], [ActionsId]) VALUES (15, 15)
INSERT INTO [dbo].[ActionActor] ([ActorsId], [ActionsId]) VALUES (15, 16)
INSERT INTO [dbo].[ActionActor] ([ActorsId], [ActionsId]) VALUES (15, 17)
INSERT INTO [dbo].[ActionActor] ([ActorsId], [ActionsId]) VALUES (15, 18)
INSERT INTO [dbo].[ActionActor] ([ActorsId], [ActionsId]) VALUES (15, 19)
INSERT INTO [dbo].[ActionActor] ([ActorsId], [ActionsId]) VALUES (15, 20)
INSERT INTO [dbo].[ActionActor] ([ActorsId], [ActionsId]) VALUES (15, 21)

-- Locations
SET IDENTITY_INSERT [dbo].[Location] ON
INSERT INTO [dbo].[Location] ([Id], [Name], [CountryName], [RegionName]) VALUES (1, 'Kremlin', 'Russia', 'Europe')
INSERT INTO [dbo].[Location] ([Id], [Name], [CountryName], [RegionName]) VALUES (2, 'Kiev', 'Ukraine', 'Europe')
INSERT INTO [dbo].[Location] ([Id], [Name], [CountryName], [RegionName]) VALUES (3, 'Warsaw', 'Poland', 'Europe')
INSERT INTO [dbo].[Location] ([Id], [Name], [CountryName], [RegionName]) VALUES (4, 'Washington DC', 'United States', 'North America')
INSERT INTO [dbo].[Location] ([Id], [Name], [CountryName], [RegionName]) VALUES (5, 'Beijing', 'China', 'Asia')
SET IDENTITY_INSERT [dbo].[Location] OFF

-- ActionLocations
INSERT INTO [dbo].[ActionLocation] ([LocationsId], [ActionsId]) VALUES (1, 1)
INSERT INTO [dbo].[ActionLocation] ([LocationsId], [ActionsId]) VALUES (1, 2)
INSERT INTO [dbo].[ActionLocation] ([LocationsId], [ActionsId]) VALUES (1, 3)
INSERT INTO [dbo].[ActionLocation] ([LocationsId], [ActionsId]) VALUES (1, 4)
INSERT INTO [dbo].[ActionLocation] ([LocationsId], [ActionsId]) VALUES (1, 5)
INSERT INTO [dbo].[ActionLocation] ([LocationsId], [ActionsId]) VALUES (1, 6)
INSERT INTO [dbo].[ActionLocation] ([LocationsId], [ActionsId]) VALUES (1, 7)
INSERT INTO [dbo].[ActionLocation] ([LocationsId], [ActionsId]) VALUES (1, 8)
INSERT INTO [dbo].[ActionLocation] ([LocationsId], [ActionsId]) VALUES (1, 9)
INSERT INTO [dbo].[ActionLocation] ([LocationsId], [ActionsId]) VALUES (1, 10)
INSERT INTO [dbo].[ActionLocation] ([LocationsId], [ActionsId]) VALUES (1, 11)
INSERT INTO [dbo].[ActionLocation] ([LocationsId], [ActionsId]) VALUES (1, 12)
INSERT INTO [dbo].[ActionLocation] ([LocationsId], [ActionsId]) VALUES (1, 13)
INSERT INTO [dbo].[ActionLocation] ([LocationsId], [ActionsId]) VALUES (1, 14)
INSERT INTO [dbo].[ActionLocation] ([LocationsId], [ActionsId]) VALUES (1, 15)
INSERT INTO [dbo].[ActionLocation] ([LocationsId], [ActionsId]) VALUES (1, 16)
INSERT INTO [dbo].[ActionLocation] ([LocationsId], [ActionsId]) VALUES (1, 17)
INSERT INTO [dbo].[ActionLocation] ([LocationsId], [ActionsId]) VALUES (1, 18)
INSERT INTO [dbo].[ActionLocation] ([LocationsId], [ActionsId]) VALUES (1, 19)
INSERT INTO [dbo].[ActionLocation] ([LocationsId], [ActionsId]) VALUES (1, 20)
INSERT INTO [dbo].[ActionLocation] ([LocationsId], [ActionsId]) VALUES (1, 21)

INSERT INTO [dbo].[ActionLocation] ([LocationsId], [ActionsId]) VALUES (2, 1)
INSERT INTO [dbo].[ActionLocation] ([LocationsId], [ActionsId]) VALUES (2, 2)
INSERT INTO [dbo].[ActionLocation] ([LocationsId], [ActionsId]) VALUES (2, 3)
INSERT INTO [dbo].[ActionLocation] ([LocationsId], [ActionsId]) VALUES (2, 4)
INSERT INTO [dbo].[ActionLocation] ([LocationsId], [ActionsId]) VALUES (2, 5)
INSERT INTO [dbo].[ActionLocation] ([LocationsId], [ActionsId]) VALUES (2, 6)
INSERT INTO [dbo].[ActionLocation] ([LocationsId], [ActionsId]) VALUES (2, 7)
INSERT INTO [dbo].[ActionLocation] ([LocationsId], [ActionsId]) VALUES (2, 8)
INSERT INTO [dbo].[ActionLocation] ([LocationsId], [ActionsId]) VALUES (2, 9)
INSERT INTO [dbo].[ActionLocation] ([LocationsId], [ActionsId]) VALUES (2, 10)
INSERT INTO [dbo].[ActionLocation] ([LocationsId], [ActionsId]) VALUES (2, 11)
INSERT INTO [dbo].[ActionLocation] ([LocationsId], [ActionsId]) VALUES (2, 12)
INSERT INTO [dbo].[ActionLocation] ([LocationsId], [ActionsId]) VALUES (2, 13)
INSERT INTO [dbo].[ActionLocation] ([LocationsId], [ActionsId]) VALUES (2, 14)
INSERT INTO [dbo].[ActionLocation] ([LocationsId], [ActionsId]) VALUES (2, 15)
INSERT INTO [dbo].[ActionLocation] ([LocationsId], [ActionsId]) VALUES (2, 16)
INSERT INTO [dbo].[ActionLocation] ([LocationsId], [ActionsId]) VALUES (2, 17)
INSERT INTO [dbo].[ActionLocation] ([LocationsId], [ActionsId]) VALUES (2, 18)
INSERT INTO [dbo].[ActionLocation] ([LocationsId], [ActionsId]) VALUES (2, 19)
INSERT INTO [dbo].[ActionLocation] ([LocationsId], [ActionsId]) VALUES (2, 20)
INSERT INTO [dbo].[ActionLocation] ([LocationsId], [ActionsId]) VALUES (2, 21)

INSERT INTO [dbo].[ActionLocation] ([LocationsId], [ActionsId]) VALUES (3, 1)
INSERT INTO [dbo].[ActionLocation] ([LocationsId], [ActionsId]) VALUES (3, 2)
INSERT INTO [dbo].[ActionLocation] ([LocationsId], [ActionsId]) VALUES (3, 3)
INSERT INTO [dbo].[ActionLocation] ([LocationsId], [ActionsId]) VALUES (3, 4)
INSERT INTO [dbo].[ActionLocation] ([LocationsId], [ActionsId]) VALUES (3, 5)
INSERT INTO [dbo].[ActionLocation] ([LocationsId], [ActionsId]) VALUES (3, 6)
INSERT INTO [dbo].[ActionLocation] ([LocationsId], [ActionsId]) VALUES (3, 7)
INSERT INTO [dbo].[ActionLocation] ([LocationsId], [ActionsId]) VALUES (3, 8)
INSERT INTO [dbo].[ActionLocation] ([LocationsId], [ActionsId]) VALUES (3, 9)
INSERT INTO [dbo].[ActionLocation] ([LocationsId], [ActionsId]) VALUES (3, 10)
INSERT INTO [dbo].[ActionLocation] ([LocationsId], [ActionsId]) VALUES (3, 11)
INSERT INTO [dbo].[ActionLocation] ([LocationsId], [ActionsId]) VALUES (3, 12)
INSERT INTO [dbo].[ActionLocation] ([LocationsId], [ActionsId]) VALUES (3, 13)
INSERT INTO [dbo].[ActionLocation] ([LocationsId], [ActionsId]) VALUES (3, 14)
INSERT INTO [dbo].[ActionLocation] ([LocationsId], [ActionsId]) VALUES (3, 15)
INSERT INTO [dbo].[ActionLocation] ([LocationsId], [ActionsId]) VALUES (3, 16)
INSERT INTO [dbo].[ActionLocation] ([LocationsId], [ActionsId]) VALUES (3, 17)
INSERT INTO [dbo].[ActionLocation] ([LocationsId], [ActionsId]) VALUES (3, 18)
INSERT INTO [dbo].[ActionLocation] ([LocationsId], [ActionsId]) VALUES (3, 19)
INSERT INTO [dbo].[ActionLocation] ([LocationsId], [ActionsId]) VALUES (3, 20)
INSERT INTO [dbo].[ActionLocation] ([LocationsId], [ActionsId]) VALUES (3, 21)

INSERT INTO [dbo].[ActionLocation] ([LocationsId], [ActionsId]) VALUES (4, 1)
INSERT INTO [dbo].[ActionLocation] ([LocationsId], [ActionsId]) VALUES (4, 2)
INSERT INTO [dbo].[ActionLocation] ([LocationsId], [ActionsId]) VALUES (4, 3)
INSERT INTO [dbo].[ActionLocation] ([LocationsId], [ActionsId]) VALUES (4, 4)
INSERT INTO [dbo].[ActionLocation] ([LocationsId], [ActionsId]) VALUES (4, 5)
INSERT INTO [dbo].[ActionLocation] ([LocationsId], [ActionsId]) VALUES (4, 6)
INSERT INTO [dbo].[ActionLocation] ([LocationsId], [ActionsId]) VALUES (4, 7)
INSERT INTO [dbo].[ActionLocation] ([LocationsId], [ActionsId]) VALUES (4, 8)
INSERT INTO [dbo].[ActionLocation] ([LocationsId], [ActionsId]) VALUES (4, 9)
INSERT INTO [dbo].[ActionLocation] ([LocationsId], [ActionsId]) VALUES (4, 10)
INSERT INTO [dbo].[ActionLocation] ([LocationsId], [ActionsId]) VALUES (4, 11)
INSERT INTO [dbo].[ActionLocation] ([LocationsId], [ActionsId]) VALUES (4, 12)
INSERT INTO [dbo].[ActionLocation] ([LocationsId], [ActionsId]) VALUES (4, 13)
INSERT INTO [dbo].[ActionLocation] ([LocationsId], [ActionsId]) VALUES (4, 14)
INSERT INTO [dbo].[ActionLocation] ([LocationsId], [ActionsId]) VALUES (4, 15)
INSERT INTO [dbo].[ActionLocation] ([LocationsId], [ActionsId]) VALUES (4, 16)
INSERT INTO [dbo].[ActionLocation] ([LocationsId], [ActionsId]) VALUES (4, 17)
INSERT INTO [dbo].[ActionLocation] ([LocationsId], [ActionsId]) VALUES (4, 18)
INSERT INTO [dbo].[ActionLocation] ([LocationsId], [ActionsId]) VALUES (4, 19)
INSERT INTO [dbo].[ActionLocation] ([LocationsId], [ActionsId]) VALUES (4, 20)
INSERT INTO [dbo].[ActionLocation] ([LocationsId], [ActionsId]) VALUES (4, 21)

INSERT INTO [dbo].[ActionLocation] ([LocationsId], [ActionsId]) VALUES (5, 1)
INSERT INTO [dbo].[ActionLocation] ([LocationsId], [ActionsId]) VALUES (5, 2)
INSERT INTO [dbo].[ActionLocation] ([LocationsId], [ActionsId]) VALUES (5, 3)
INSERT INTO [dbo].[ActionLocation] ([LocationsId], [ActionsId]) VALUES (5, 4)
INSERT INTO [dbo].[ActionLocation] ([LocationsId], [ActionsId]) VALUES (5, 5)
INSERT INTO [dbo].[ActionLocation] ([LocationsId], [ActionsId]) VALUES (5, 6)
INSERT INTO [dbo].[ActionLocation] ([LocationsId], [ActionsId]) VALUES (5, 7)
INSERT INTO [dbo].[ActionLocation] ([LocationsId], [ActionsId]) VALUES (5, 8)
INSERT INTO [dbo].[ActionLocation] ([LocationsId], [ActionsId]) VALUES (5, 9)
INSERT INTO [dbo].[ActionLocation] ([LocationsId], [ActionsId]) VALUES (5, 10)
INSERT INTO [dbo].[ActionLocation] ([LocationsId], [ActionsId]) VALUES (5, 11)
INSERT INTO [dbo].[ActionLocation] ([LocationsId], [ActionsId]) VALUES (5, 12)
INSERT INTO [dbo].[ActionLocation] ([LocationsId], [ActionsId]) VALUES (5, 13)
INSERT INTO [dbo].[ActionLocation] ([LocationsId], [ActionsId]) VALUES (5, 14)
INSERT INTO [dbo].[ActionLocation] ([LocationsId], [ActionsId]) VALUES (5, 15)
INSERT INTO [dbo].[ActionLocation] ([LocationsId], [ActionsId]) VALUES (5, 16)
INSERT INTO [dbo].[ActionLocation] ([LocationsId], [ActionsId]) VALUES (5, 17)
INSERT INTO [dbo].[ActionLocation] ([LocationsId], [ActionsId]) VALUES (5, 18)
INSERT INTO [dbo].[ActionLocation] ([LocationsId], [ActionsId]) VALUES (5, 19)
INSERT INTO [dbo].[ActionLocation] ([LocationsId], [ActionsId]) VALUES (5, 20)
INSERT INTO [dbo].[ActionLocation] ([LocationsId], [ActionsId]) VALUES (5, 21)

-- Reasons
SET IDENTITY_INSERT [dbo].[Reason] ON
INSERT INTO [dbo].[Reason] ([Id], [Description]) VALUES (1, 'constant preassure from NATO')
INSERT INTO [dbo].[Reason] ([Id], [Description]) VALUES (2, 'dynamic situation at the frontline')
INSERT INTO [dbo].[Reason] ([Id], [Description]) VALUES (3, 'huge financial impact of economic sanctions')
INSERT INTO [dbo].[Reason] ([Id], [Description]) VALUES (4, 'suddenly revealed intelligence reports')
INSERT INTO [dbo].[Reason] ([Id], [Description]) VALUES (5, 'all other options beeing either blocked or unacceptable')
SET IDENTITY_INSERT [dbo].[Reason] OFF

-- ActionReasons
INSERT INTO [dbo].[ActionReason] ([ReasonsId], [ActionsId]) VALUES (1, 1)
INSERT INTO [dbo].[ActionReason] ([ReasonsId], [ActionsId]) VALUES (1, 2)
INSERT INTO [dbo].[ActionReason] ([ReasonsId], [ActionsId]) VALUES (1, 3)
INSERT INTO [dbo].[ActionReason] ([ReasonsId], [ActionsId]) VALUES (1, 4)
INSERT INTO [dbo].[ActionReason] ([ReasonsId], [ActionsId]) VALUES (1, 5)
INSERT INTO [dbo].[ActionReason] ([ReasonsId], [ActionsId]) VALUES (1, 6)
INSERT INTO [dbo].[ActionReason] ([ReasonsId], [ActionsId]) VALUES (1, 7)
INSERT INTO [dbo].[ActionReason] ([ReasonsId], [ActionsId]) VALUES (1, 8)
INSERT INTO [dbo].[ActionReason] ([ReasonsId], [ActionsId]) VALUES (1, 9)
INSERT INTO [dbo].[ActionReason] ([ReasonsId], [ActionsId]) VALUES (1, 10)
INSERT INTO [dbo].[ActionReason] ([ReasonsId], [ActionsId]) VALUES (1, 11)
INSERT INTO [dbo].[ActionReason] ([ReasonsId], [ActionsId]) VALUES (1, 12)
INSERT INTO [dbo].[ActionReason] ([ReasonsId], [ActionsId]) VALUES (1, 13)
INSERT INTO [dbo].[ActionReason] ([ReasonsId], [ActionsId]) VALUES (1, 14)
INSERT INTO [dbo].[ActionReason] ([ReasonsId], [ActionsId]) VALUES (1, 15)
INSERT INTO [dbo].[ActionReason] ([ReasonsId], [ActionsId]) VALUES (1, 16)
INSERT INTO [dbo].[ActionReason] ([ReasonsId], [ActionsId]) VALUES (1, 17)
INSERT INTO [dbo].[ActionReason] ([ReasonsId], [ActionsId]) VALUES (1, 18)
INSERT INTO [dbo].[ActionReason] ([ReasonsId], [ActionsId]) VALUES (1, 19)
INSERT INTO [dbo].[ActionReason] ([ReasonsId], [ActionsId]) VALUES (1, 20)
INSERT INTO [dbo].[ActionReason] ([ReasonsId], [ActionsId]) VALUES (1, 21)

INSERT INTO [dbo].[ActionReason] ([ReasonsId], [ActionsId]) VALUES (2, 1)
INSERT INTO [dbo].[ActionReason] ([ReasonsId], [ActionsId]) VALUES (2, 2)
INSERT INTO [dbo].[ActionReason] ([ReasonsId], [ActionsId]) VALUES (2, 3)
INSERT INTO [dbo].[ActionReason] ([ReasonsId], [ActionsId]) VALUES (2, 4)
INSERT INTO [dbo].[ActionReason] ([ReasonsId], [ActionsId]) VALUES (2, 5)
INSERT INTO [dbo].[ActionReason] ([ReasonsId], [ActionsId]) VALUES (2, 6)
INSERT INTO [dbo].[ActionReason] ([ReasonsId], [ActionsId]) VALUES (2, 7)
INSERT INTO [dbo].[ActionReason] ([ReasonsId], [ActionsId]) VALUES (2, 8)
INSERT INTO [dbo].[ActionReason] ([ReasonsId], [ActionsId]) VALUES (2, 9)
INSERT INTO [dbo].[ActionReason] ([ReasonsId], [ActionsId]) VALUES (2, 10)
INSERT INTO [dbo].[ActionReason] ([ReasonsId], [ActionsId]) VALUES (2, 11)
INSERT INTO [dbo].[ActionReason] ([ReasonsId], [ActionsId]) VALUES (2, 12)
INSERT INTO [dbo].[ActionReason] ([ReasonsId], [ActionsId]) VALUES (2, 13)
INSERT INTO [dbo].[ActionReason] ([ReasonsId], [ActionsId]) VALUES (2, 14)
INSERT INTO [dbo].[ActionReason] ([ReasonsId], [ActionsId]) VALUES (2, 15)
INSERT INTO [dbo].[ActionReason] ([ReasonsId], [ActionsId]) VALUES (2, 16)
INSERT INTO [dbo].[ActionReason] ([ReasonsId], [ActionsId]) VALUES (2, 17)
INSERT INTO [dbo].[ActionReason] ([ReasonsId], [ActionsId]) VALUES (2, 18)
INSERT INTO [dbo].[ActionReason] ([ReasonsId], [ActionsId]) VALUES (2, 19)
INSERT INTO [dbo].[ActionReason] ([ReasonsId], [ActionsId]) VALUES (2, 20)
INSERT INTO [dbo].[ActionReason] ([ReasonsId], [ActionsId]) VALUES (2, 21)

INSERT INTO [dbo].[ActionReason] ([ReasonsId], [ActionsId]) VALUES (3, 1)
INSERT INTO [dbo].[ActionReason] ([ReasonsId], [ActionsId]) VALUES (3, 2)
INSERT INTO [dbo].[ActionReason] ([ReasonsId], [ActionsId]) VALUES (3, 3)
INSERT INTO [dbo].[ActionReason] ([ReasonsId], [ActionsId]) VALUES (3, 4)
INSERT INTO [dbo].[ActionReason] ([ReasonsId], [ActionsId]) VALUES (3, 5)
INSERT INTO [dbo].[ActionReason] ([ReasonsId], [ActionsId]) VALUES (3, 6)
INSERT INTO [dbo].[ActionReason] ([ReasonsId], [ActionsId]) VALUES (3, 7)
INSERT INTO [dbo].[ActionReason] ([ReasonsId], [ActionsId]) VALUES (3, 8)
INSERT INTO [dbo].[ActionReason] ([ReasonsId], [ActionsId]) VALUES (3, 9)
INSERT INTO [dbo].[ActionReason] ([ReasonsId], [ActionsId]) VALUES (3, 10)
INSERT INTO [dbo].[ActionReason] ([ReasonsId], [ActionsId]) VALUES (3, 11)
INSERT INTO [dbo].[ActionReason] ([ReasonsId], [ActionsId]) VALUES (3, 12)
INSERT INTO [dbo].[ActionReason] ([ReasonsId], [ActionsId]) VALUES (3, 13)
INSERT INTO [dbo].[ActionReason] ([ReasonsId], [ActionsId]) VALUES (3, 14)
INSERT INTO [dbo].[ActionReason] ([ReasonsId], [ActionsId]) VALUES (3, 15)
INSERT INTO [dbo].[ActionReason] ([ReasonsId], [ActionsId]) VALUES (3, 16)
INSERT INTO [dbo].[ActionReason] ([ReasonsId], [ActionsId]) VALUES (3, 17)
INSERT INTO [dbo].[ActionReason] ([ReasonsId], [ActionsId]) VALUES (3, 18)
INSERT INTO [dbo].[ActionReason] ([ReasonsId], [ActionsId]) VALUES (3, 19)
INSERT INTO [dbo].[ActionReason] ([ReasonsId], [ActionsId]) VALUES (3, 20)
INSERT INTO [dbo].[ActionReason] ([ReasonsId], [ActionsId]) VALUES (3, 21)

INSERT INTO [dbo].[ActionReason] ([ReasonsId], [ActionsId]) VALUES (4, 1)
INSERT INTO [dbo].[ActionReason] ([ReasonsId], [ActionsId]) VALUES (4, 2)
INSERT INTO [dbo].[ActionReason] ([ReasonsId], [ActionsId]) VALUES (4, 3)
INSERT INTO [dbo].[ActionReason] ([ReasonsId], [ActionsId]) VALUES (4, 4)
INSERT INTO [dbo].[ActionReason] ([ReasonsId], [ActionsId]) VALUES (4, 5)
INSERT INTO [dbo].[ActionReason] ([ReasonsId], [ActionsId]) VALUES (4, 6)
INSERT INTO [dbo].[ActionReason] ([ReasonsId], [ActionsId]) VALUES (4, 7)
INSERT INTO [dbo].[ActionReason] ([ReasonsId], [ActionsId]) VALUES (4, 8)
INSERT INTO [dbo].[ActionReason] ([ReasonsId], [ActionsId]) VALUES (4, 9)
INSERT INTO [dbo].[ActionReason] ([ReasonsId], [ActionsId]) VALUES (4, 10)
INSERT INTO [dbo].[ActionReason] ([ReasonsId], [ActionsId]) VALUES (4, 11)
INSERT INTO [dbo].[ActionReason] ([ReasonsId], [ActionsId]) VALUES (4, 12)
INSERT INTO [dbo].[ActionReason] ([ReasonsId], [ActionsId]) VALUES (4, 13)
INSERT INTO [dbo].[ActionReason] ([ReasonsId], [ActionsId]) VALUES (4, 14)
INSERT INTO [dbo].[ActionReason] ([ReasonsId], [ActionsId]) VALUES (4, 15)
INSERT INTO [dbo].[ActionReason] ([ReasonsId], [ActionsId]) VALUES (4, 16)
INSERT INTO [dbo].[ActionReason] ([ReasonsId], [ActionsId]) VALUES (4, 17)
INSERT INTO [dbo].[ActionReason] ([ReasonsId], [ActionsId]) VALUES (4, 18)
INSERT INTO [dbo].[ActionReason] ([ReasonsId], [ActionsId]) VALUES (4, 19)
INSERT INTO [dbo].[ActionReason] ([ReasonsId], [ActionsId]) VALUES (4, 20)
INSERT INTO [dbo].[ActionReason] ([ReasonsId], [ActionsId]) VALUES (4, 21)

INSERT INTO [dbo].[ActionReason] ([ReasonsId], [ActionsId]) VALUES (5, 1)
INSERT INTO [dbo].[ActionReason] ([ReasonsId], [ActionsId]) VALUES (5, 2)
INSERT INTO [dbo].[ActionReason] ([ReasonsId], [ActionsId]) VALUES (5, 3)
INSERT INTO [dbo].[ActionReason] ([ReasonsId], [ActionsId]) VALUES (5, 4)
INSERT INTO [dbo].[ActionReason] ([ReasonsId], [ActionsId]) VALUES (5, 5)
INSERT INTO [dbo].[ActionReason] ([ReasonsId], [ActionsId]) VALUES (5, 6)
INSERT INTO [dbo].[ActionReason] ([ReasonsId], [ActionsId]) VALUES (5, 7)
INSERT INTO [dbo].[ActionReason] ([ReasonsId], [ActionsId]) VALUES (5, 8)
INSERT INTO [dbo].[ActionReason] ([ReasonsId], [ActionsId]) VALUES (5, 9)
INSERT INTO [dbo].[ActionReason] ([ReasonsId], [ActionsId]) VALUES (5, 10)
INSERT INTO [dbo].[ActionReason] ([ReasonsId], [ActionsId]) VALUES (5, 11)
INSERT INTO [dbo].[ActionReason] ([ReasonsId], [ActionsId]) VALUES (5, 12)
INSERT INTO [dbo].[ActionReason] ([ReasonsId], [ActionsId]) VALUES (5, 13)
INSERT INTO [dbo].[ActionReason] ([ReasonsId], [ActionsId]) VALUES (5, 14)
INSERT INTO [dbo].[ActionReason] ([ReasonsId], [ActionsId]) VALUES (5, 15)
INSERT INTO [dbo].[ActionReason] ([ReasonsId], [ActionsId]) VALUES (5, 16)
INSERT INTO [dbo].[ActionReason] ([ReasonsId], [ActionsId]) VALUES (5, 17)
INSERT INTO [dbo].[ActionReason] ([ReasonsId], [ActionsId]) VALUES (5, 18)
INSERT INTO [dbo].[ActionReason] ([ReasonsId], [ActionsId]) VALUES (5, 19)
INSERT INTO [dbo].[ActionReason] ([ReasonsId], [ActionsId]) VALUES (5, 20)
INSERT INTO [dbo].[ActionReason] ([ReasonsId], [ActionsId]) VALUES (5, 21)

-- Sources
SET IDENTITY_INSERT [dbo].[Source] ON
INSERT INTO [dbo].[Source] ([Id], [Name]) VALUES (1, 'Reuters')
INSERT INTO [dbo].[Source] ([Id], [Name]) VALUES (2, 'New York Times')
INSERT INTO [dbo].[Source] ([Id], [Name]) VALUES (3, 'Russia Today')
INSERT INTO [dbo].[Source] ([Id], [Name]) VALUES (4, 'Ukraine 24')
INSERT INTO [dbo].[Source] ([Id], [Name]) VALUES (5, 'TVP Info')
SET IDENTITY_INSERT [dbo].[Source] OFF

-- ActionSources
INSERT INTO [dbo].[ActionSource] ([SourcesId], [ActionsId]) VALUES (1, 1)
INSERT INTO [dbo].[ActionSource] ([SourcesId], [ActionsId]) VALUES (1, 2)
INSERT INTO [dbo].[ActionSource] ([SourcesId], [ActionsId]) VALUES (1, 3)
INSERT INTO [dbo].[ActionSource] ([SourcesId], [ActionsId]) VALUES (1, 4)
INSERT INTO [dbo].[ActionSource] ([SourcesId], [ActionsId]) VALUES (1, 5)
INSERT INTO [dbo].[ActionSource] ([SourcesId], [ActionsId]) VALUES (1, 6)
INSERT INTO [dbo].[ActionSource] ([SourcesId], [ActionsId]) VALUES (1, 7)
INSERT INTO [dbo].[ActionSource] ([SourcesId], [ActionsId]) VALUES (1, 8)
INSERT INTO [dbo].[ActionSource] ([SourcesId], [ActionsId]) VALUES (1, 9)
INSERT INTO [dbo].[ActionSource] ([SourcesId], [ActionsId]) VALUES (1, 10)
INSERT INTO [dbo].[ActionSource] ([SourcesId], [ActionsId]) VALUES (1, 11)
INSERT INTO [dbo].[ActionSource] ([SourcesId], [ActionsId]) VALUES (1, 12)
INSERT INTO [dbo].[ActionSource] ([SourcesId], [ActionsId]) VALUES (1, 13)
INSERT INTO [dbo].[ActionSource] ([SourcesId], [ActionsId]) VALUES (1, 14)
INSERT INTO [dbo].[ActionSource] ([SourcesId], [ActionsId]) VALUES (1, 15)
INSERT INTO [dbo].[ActionSource] ([SourcesId], [ActionsId]) VALUES (1, 16)
INSERT INTO [dbo].[ActionSource] ([SourcesId], [ActionsId]) VALUES (1, 17)
INSERT INTO [dbo].[ActionSource] ([SourcesId], [ActionsId]) VALUES (1, 18)
INSERT INTO [dbo].[ActionSource] ([SourcesId], [ActionsId]) VALUES (1, 19)
INSERT INTO [dbo].[ActionSource] ([SourcesId], [ActionsId]) VALUES (1, 20)
INSERT INTO [dbo].[ActionSource] ([SourcesId], [ActionsId]) VALUES (1, 21)

INSERT INTO [dbo].[ActionSource] ([SourcesId], [ActionsId]) VALUES (2, 1)
INSERT INTO [dbo].[ActionSource] ([SourcesId], [ActionsId]) VALUES (2, 2)
INSERT INTO [dbo].[ActionSource] ([SourcesId], [ActionsId]) VALUES (2, 3)
INSERT INTO [dbo].[ActionSource] ([SourcesId], [ActionsId]) VALUES (2, 4)
INSERT INTO [dbo].[ActionSource] ([SourcesId], [ActionsId]) VALUES (2, 5)
INSERT INTO [dbo].[ActionSource] ([SourcesId], [ActionsId]) VALUES (2, 6)
INSERT INTO [dbo].[ActionSource] ([SourcesId], [ActionsId]) VALUES (2, 7)
INSERT INTO [dbo].[ActionSource] ([SourcesId], [ActionsId]) VALUES (2, 8)
INSERT INTO [dbo].[ActionSource] ([SourcesId], [ActionsId]) VALUES (2, 9)
INSERT INTO [dbo].[ActionSource] ([SourcesId], [ActionsId]) VALUES (2, 10)
INSERT INTO [dbo].[ActionSource] ([SourcesId], [ActionsId]) VALUES (2, 11)
INSERT INTO [dbo].[ActionSource] ([SourcesId], [ActionsId]) VALUES (2, 12)
INSERT INTO [dbo].[ActionSource] ([SourcesId], [ActionsId]) VALUES (2, 13)
INSERT INTO [dbo].[ActionSource] ([SourcesId], [ActionsId]) VALUES (2, 14)
INSERT INTO [dbo].[ActionSource] ([SourcesId], [ActionsId]) VALUES (2, 15)
INSERT INTO [dbo].[ActionSource] ([SourcesId], [ActionsId]) VALUES (2, 16)
INSERT INTO [dbo].[ActionSource] ([SourcesId], [ActionsId]) VALUES (2, 17)
INSERT INTO [dbo].[ActionSource] ([SourcesId], [ActionsId]) VALUES (2, 18)
INSERT INTO [dbo].[ActionSource] ([SourcesId], [ActionsId]) VALUES (2, 19)
INSERT INTO [dbo].[ActionSource] ([SourcesId], [ActionsId]) VALUES (2, 20)
INSERT INTO [dbo].[ActionSource] ([SourcesId], [ActionsId]) VALUES (2, 21)

INSERT INTO [dbo].[ActionSource] ([SourcesId], [ActionsId]) VALUES (3, 1)
INSERT INTO [dbo].[ActionSource] ([SourcesId], [ActionsId]) VALUES (3, 2)
INSERT INTO [dbo].[ActionSource] ([SourcesId], [ActionsId]) VALUES (3, 3)
INSERT INTO [dbo].[ActionSource] ([SourcesId], [ActionsId]) VALUES (3, 4)
INSERT INTO [dbo].[ActionSource] ([SourcesId], [ActionsId]) VALUES (3, 5)
INSERT INTO [dbo].[ActionSource] ([SourcesId], [ActionsId]) VALUES (3, 6)
INSERT INTO [dbo].[ActionSource] ([SourcesId], [ActionsId]) VALUES (3, 7)
INSERT INTO [dbo].[ActionSource] ([SourcesId], [ActionsId]) VALUES (3, 8)
INSERT INTO [dbo].[ActionSource] ([SourcesId], [ActionsId]) VALUES (3, 9)
INSERT INTO [dbo].[ActionSource] ([SourcesId], [ActionsId]) VALUES (3, 10)
INSERT INTO [dbo].[ActionSource] ([SourcesId], [ActionsId]) VALUES (3, 11)
INSERT INTO [dbo].[ActionSource] ([SourcesId], [ActionsId]) VALUES (3, 12)
INSERT INTO [dbo].[ActionSource] ([SourcesId], [ActionsId]) VALUES (3, 13)
INSERT INTO [dbo].[ActionSource] ([SourcesId], [ActionsId]) VALUES (3, 14)
INSERT INTO [dbo].[ActionSource] ([SourcesId], [ActionsId]) VALUES (3, 15)
INSERT INTO [dbo].[ActionSource] ([SourcesId], [ActionsId]) VALUES (3, 16)
INSERT INTO [dbo].[ActionSource] ([SourcesId], [ActionsId]) VALUES (3, 17)
INSERT INTO [dbo].[ActionSource] ([SourcesId], [ActionsId]) VALUES (3, 18)
INSERT INTO [dbo].[ActionSource] ([SourcesId], [ActionsId]) VALUES (3, 19)
INSERT INTO [dbo].[ActionSource] ([SourcesId], [ActionsId]) VALUES (3, 20)
INSERT INTO [dbo].[ActionSource] ([SourcesId], [ActionsId]) VALUES (3, 21)

INSERT INTO [dbo].[ActionSource] ([SourcesId], [ActionsId]) VALUES (4, 1)
INSERT INTO [dbo].[ActionSource] ([SourcesId], [ActionsId]) VALUES (4, 2)
INSERT INTO [dbo].[ActionSource] ([SourcesId], [ActionsId]) VALUES (4, 3)
INSERT INTO [dbo].[ActionSource] ([SourcesId], [ActionsId]) VALUES (4, 4)
INSERT INTO [dbo].[ActionSource] ([SourcesId], [ActionsId]) VALUES (4, 5)
INSERT INTO [dbo].[ActionSource] ([SourcesId], [ActionsId]) VALUES (4, 6)
INSERT INTO [dbo].[ActionSource] ([SourcesId], [ActionsId]) VALUES (4, 7)
INSERT INTO [dbo].[ActionSource] ([SourcesId], [ActionsId]) VALUES (4, 8)
INSERT INTO [dbo].[ActionSource] ([SourcesId], [ActionsId]) VALUES (4, 9)
INSERT INTO [dbo].[ActionSource] ([SourcesId], [ActionsId]) VALUES (4, 10)
INSERT INTO [dbo].[ActionSource] ([SourcesId], [ActionsId]) VALUES (4, 11)
INSERT INTO [dbo].[ActionSource] ([SourcesId], [ActionsId]) VALUES (4, 12)
INSERT INTO [dbo].[ActionSource] ([SourcesId], [ActionsId]) VALUES (4, 13)
INSERT INTO [dbo].[ActionSource] ([SourcesId], [ActionsId]) VALUES (4, 14)
INSERT INTO [dbo].[ActionSource] ([SourcesId], [ActionsId]) VALUES (4, 15)
INSERT INTO [dbo].[ActionSource] ([SourcesId], [ActionsId]) VALUES (4, 16)
INSERT INTO [dbo].[ActionSource] ([SourcesId], [ActionsId]) VALUES (4, 17)
INSERT INTO [dbo].[ActionSource] ([SourcesId], [ActionsId]) VALUES (4, 18)
INSERT INTO [dbo].[ActionSource] ([SourcesId], [ActionsId]) VALUES (4, 19)
INSERT INTO [dbo].[ActionSource] ([SourcesId], [ActionsId]) VALUES (4, 20)
INSERT INTO [dbo].[ActionSource] ([SourcesId], [ActionsId]) VALUES (4, 21)

INSERT INTO [dbo].[ActionSource] ([SourcesId], [ActionsId]) VALUES (5, 1)
INSERT INTO [dbo].[ActionSource] ([SourcesId], [ActionsId]) VALUES (5, 2)
INSERT INTO [dbo].[ActionSource] ([SourcesId], [ActionsId]) VALUES (5, 3)
INSERT INTO [dbo].[ActionSource] ([SourcesId], [ActionsId]) VALUES (5, 4)
INSERT INTO [dbo].[ActionSource] ([SourcesId], [ActionsId]) VALUES (5, 5)
INSERT INTO [dbo].[ActionSource] ([SourcesId], [ActionsId]) VALUES (5, 6)
INSERT INTO [dbo].[ActionSource] ([SourcesId], [ActionsId]) VALUES (5, 7)
INSERT INTO [dbo].[ActionSource] ([SourcesId], [ActionsId]) VALUES (5, 8)
INSERT INTO [dbo].[ActionSource] ([SourcesId], [ActionsId]) VALUES (5, 9)
INSERT INTO [dbo].[ActionSource] ([SourcesId], [ActionsId]) VALUES (5, 10)
INSERT INTO [dbo].[ActionSource] ([SourcesId], [ActionsId]) VALUES (5, 11)
INSERT INTO [dbo].[ActionSource] ([SourcesId], [ActionsId]) VALUES (5, 12)
INSERT INTO [dbo].[ActionSource] ([SourcesId], [ActionsId]) VALUES (5, 13)
INSERT INTO [dbo].[ActionSource] ([SourcesId], [ActionsId]) VALUES (5, 14)
INSERT INTO [dbo].[ActionSource] ([SourcesId], [ActionsId]) VALUES (5, 15)
INSERT INTO [dbo].[ActionSource] ([SourcesId], [ActionsId]) VALUES (5, 16)
INSERT INTO [dbo].[ActionSource] ([SourcesId], [ActionsId]) VALUES (5, 17)
INSERT INTO [dbo].[ActionSource] ([SourcesId], [ActionsId]) VALUES (5, 18)
INSERT INTO [dbo].[ActionSource] ([SourcesId], [ActionsId]) VALUES (5, 19)
INSERT INTO [dbo].[ActionSource] ([SourcesId], [ActionsId]) VALUES (5, 20)
INSERT INTO [dbo].[ActionSource] ([SourcesId], [ActionsId]) VALUES (5, 21)